x1,x2,class
0.0,0.0,0
0.009441329623289025,0.003590501358461412,0
0.007146470203400626,0.018895755710601772,0
0.0052448872310894784,0.02984568316322358,0
0.024154829838966715,0.03238874305097209,0
0.030084343284485896,0.04056713467400565,0
0.04135111126904387,0.0443077891459351,0
0.05821057066672459,0.04013750503742056,0
0.013537573591369496,0.07966605315404783,0
0.032879385382896635,0.0847549929311561,0
0.09808325056483928,0.02413952080522243,0
0.10998355770107728,0.015789111683672547,0
0.10510546900130283,0.06037564670260797,0
0.053083514133448244,0.12010528290838697,0
0.11890128422258656,0.07655353683611542,0
0.13947730107181527,0.05918550180898626,0
0.13655938142060448,0.08643679217534132,0
0.13219527097374828,0.10959560846458179,0
0.14778442523040805,-0.10591324232119116,0
0.16421403188954845,-0.09933140468902063,0
0.14977171642492768,-0.13557505295375807,0
0.17988502484748237,0.11241346212706434,0
0.1361469970161808,-0.1756323183609975,0
0.08945961557839367,-0.21440863195701942,0
0.20526787498479385,-0.12897524108988867,0
0.1791070878370643,-0.17801588201469187,0
0.2350726298405656,-0.11710428054037614,0
0.2676075041459041,-0.052596473399422146,0
0.09748462090318742,-0.26549686675167566,0
-0.043732613793601736,-0.2896463863866338,0
-0.06964784375572544,-0.29491785706331064,0
-0.18687855934185352,-0.25125211107899936,0
-0.061637793210063144,-0.3173009883854108,0
-0.13261203444437444,-0.3058188343311039,0
-0.13601382497924727,-0.3153527987265901,0
-0.12171643587816196,-0.33192221293020563,0
-0.028685305225707544,-0.36250318374158547,0
0.07087510013030472,-0.3669555078066395,0
-0.379753398651203,-0.05585034575114993,0
-0.2268809700502536,-0.3220454494731962,0
-0.3764715170446134,-0.14668962114362538,0
-0.11202289399127416,-0.39870287449286107,0
-0.42286492339358345,-0.03415978762269884,0
-0.3960931892159198,0.1782257119890698,0
-0.3317366072718538,-0.29577303391839277,0
-0.357072263702154,-0.28126672171188916,0
-0.37517240262910817,-0.2741204213734554,0
-0.46337170413248596,0.10330454292266206,0
-0.3671400011956535,-0.3166800795470518,0
-0.4401772054288303,0.22631621765049328,0
-0.4710382772010895,0.18220580139830853,0
-0.26173959517364187,0.4437042572268604,0
-0.49443298913044864,0.17727446105878977,0
0.019452734309175393,0.5349999990125474,0
0.3164715732840214,0.44425938871357706,0
-0.2631621395087893,0.48927258623164094,0
-0.33171369414189406,0.4581848703188688,0
-0.527029313760123,0.23181218363100436,0
0.01627846954176071,0.5856323881528411,0
-0.14114766597870249,0.5790036065562023,0
0.03533292024725121,0.6050297868414005,0
-0.22507496598624077,0.5735820751358844,0
-0.360624921446427,0.5120102958780421,0
-0.08850423808248384,0.6301790836955711,0
-0.12296819622127525,0.6346616120790247,0
-0.1766235009849279,0.6323627125956423,0
0.14198084223040366,0.6513723089631535,0
0.20530351516116865,0.6448759221586634,0
0.04434156548597995,0.6854359332358984,0
0.6868728575221889,0.11820505950818737,0
0.6384554853633322,0.3038479521190521,0
0.7169210809831995,0.018958785639125342,0
0.49270437162151526,0.5349467469008092,0
0.5935082848681216,0.43757050216098226,0
0.7391966596709177,0.11093600156754817,0
0.6270330659474466,0.425147695130796,0
0.6530759093303455,0.4035089544024919,0
0.5412633666249473,0.5585447516133027,0
0.7348933682363233,0.2840505618928079,0
0.7966927243284375,0.04530409458328905,0
0.6215425987274371,-0.5164100990062801,0
0.812518594812477,-0.09609901501713576,0
0.8270868077283062,0.044495574049574084,0
0.8365213978804986,-0.05585169067516885,0
0.7835257452571779,-0.3255978265092386,0
0.49660172360369004,-0.7003973191535361,0
0.5460482712637763,-0.6756094739410028,0
0.6489330405357636,-0.5925825215153655,0
0.6850208965442802,-0.5664537298736713,0
0.2521372923517188,-0.8629076568737891,0
0.8876205700572081,-0.19640775087315832,0
0.8685072196467657,-0.3010132783270008,0
-0.10700193342802018,-0.9231120921515972,0
-0.12304388000191385,-0.9313007983268021,0
-0.25627459813206704,-0.9142559758998923,0
0.5733136779180703,-0.7695036272721174,0
-0.2878097366796913,-0.9260009549195145,0
0.03777739903858226,-0.9790694302949523,0
-0.30568780941788487,-0.9415173781594982,0
-0.2942595763228044,-0.9557255368265115,0
-0.0,-0.0,1
-0.0023936750359668923,-0.009813293274069466,1
-0.013639166486402158,-0.01490284395003305,1
-0.023148499581255352,-0.019555577533864697,1
-0.0384066538721895,0.012546530170256667,1
-0.05032512660077578,-0.004259314397129274,1
-0.0605504101848124,0.0025966148417618544,1
-0.039443381255786364,-0.058683128095606656,1
-0.0727839173642381,-0.035106228749341314,1
-0.08979338396810602,-0.01419897902926956,1
-0.0980367743069908,-0.02432758495105835,1
-0.09688525537105507,0.054396013677760674,1
-0.1210295736068749,-0.006649860245149081,1
-0.10540187146843417,0.078317200832329,1
-0.10438159650640187,0.09540671728276529,1
-0.11779156863388764,0.09529946220953955,1
-0.153548804936556,-0.05042368687528466,1
-0.15922389933009476,-0.06430036504301122,1
-0.1724407063688481,-0.057637262484282976,1
-0.1223814923472979,0.14783689173465428,1
-0.03712933774593502,0.19857888685062047,1
-0.08197539765888957,0.19564110715910188,1
-0.2117735084915865,0.06734016001277887,1
-0.09290563263527112,0.21293808419762453,1
-0.12677395818996287,0.20663464578772217,1
-0.18778224221839399,0.168839665571734,1
0.0935596090063923,0.24539591150548878,1
0.19959606022763093,0.18585364680539398,1
0.21469342602359592,0.1841156440660215,1
0.10252731152338962,0.27440065788521956,1
0.13573589758112597,0.2709301213643167,1
0.27107062089867306,0.15675438669762431,1
0.27473386270987177,0.17029515396122824,1
0.06945346155205488,0.3260173734474106,1
0.23939983599775808,0.2462414806128836,1
0.2521092348042503,0.24784708980696718,1
0.25726627615588904,0.25699312852984907,1
0.2344708796369275,0.2910378517141625,1
0.3571666424674189,0.14058411864863485,1
0.38100708998846144,-0.10010915780217838,1
0.3333182293041743,0.228358503477893,1
0.4135907451861646,0.021349623027195747,1
0.05220462070501027,-0.42101818500408633,1
0.43302944054983317,0.03375977746294801,1
0.4000855610559702,0.1935520809292952,1
0.4449609611877927,0.09285102727902127,1
0.4630184801422956,0.0388616025811728,1
0.46501092390613746,-0.09565566071626197,1
0.403297866367617,-0.26912614931143203,1
0.38627431683782293,-0.30946268709205205,1
0.18277858577639486,-0.470816313686507,1
0.1282148204626725,-0.4989409217298442,1
-0.00597963692953744,-0.5252184871330651,1
-0.048089304840289705,-0.5331892971314285,1
-0.37187460174880516,-0.3990362661854088,1
-0.2049466508615571,-0.5163708411687021,1
-0.06990963124402315,-0.5613198675708044,1
0.17524237867509312,-0.5484404204273569,1
0.33542890164234085,-0.48033085947837545,1
-0.23422434396734776,-0.5480025517362036,1
0.08447140762714092,-0.600145015402143,1
-0.6096599196367934,-0.08927440629516091,1
-0.5145754094652188,-0.3569552143155557,1
-0.44005482514520244,-0.4596851406695411,1
-0.472281618501482,-0.4414369852586902,1
-0.2234719852110552,-0.6173643439714684,1
-0.6294995934288609,-0.21948737165801468,1
-0.49154557104138524,-0.46518538230163375,1
-0.6395616244289607,-0.250498546020737,1
-0.692125660329028,0.0820294386677021,1
-0.6481848558275566,-0.28249845570069865,1
-0.6979438941679479,-0.16495330401271116,1
-0.705424869229251,-0.17692194241417572,1
-0.7204409381050375,-0.1571142363722872,1
-0.7453480077727016,-0.056345766670641534,1
-0.7376398773543956,0.17265120851901206,1
-0.668629708161398,0.3771762625015707,1
-0.5306999796203469,-0.5685910685509417,1
-0.7313706346819905,0.2930016708385987,1
-0.7927354401208012,0.0913360824666728,1
-0.5312227107372783,0.6089310502720894,1
-0.8161661517171647,0.057395996328141234,1
-0.34595681962790015,0.752573134373763,1
-0.05362907772061057,0.8366668288429122,1
-0.29596425906757745,0.7951928668335351,1
-0.5395673649244863,0.6678598170814459,1
-0.07107344810152283,0.8657744745624909,1
-0.8662804890380557,-0.14773709830806503,1
-0.5746081680620794,0.6781953332089987,1
0.8825635492890945,0.1710684656858328,1
-0.2500811926074801,0.8740169781507429,1
0.5057859273198003,0.7675248400103891,1
-0.27481183511845475,0.8877295780318806,1
0.33227396969369016,0.8786665934437595,1
0.7710530992030931,0.5540918491782045,1
-0.1878320006580551,0.9410332327828189,1
0.7525072209088446,0.6115922624751995,1
0.901661802537748,0.3834189289283745,1
0.5381805149124388,0.830819922469137,1
0.8673722151792833,0.49765996456916556,1
0.0,0.0,2
0.00945505977655823,-0.0035541876262261064,2
0.018560105010067225,0.007977726634706772,2
0.023452383971832535,0.019190084199505363,2
0.013603956593351542,0.038044958220210166,2
0.01506750667292126,-0.04820508654881947,2
0.057227663308472655,-0.019952171171017555,2
0.06863727446273159,0.016982767804523277,2
0.07836616425004801,-0.019715228241636365,2
0.038395594161466706,-0.08240291960182781,2
0.10082955404806913,0.006036682577237079,2
0.08279438371456682,-0.07409972360050174,2
0.1048929612599714,-0.060744094419590354,2
0.11938878199232297,-0.05467592879548775,2
0.06231075914481572,-0.12694616452140473,2
-0.0017144728786192543,-0.1515054511276997,2
0.032906445648901606,-0.1582306845409485,2
0.08952187706556068,-0.1465353902277647,2
-0.02352036452518523,-0.18029044259824709,2
0.011293257642985608,-0.19158663460357764,2
-0.07192017533255826,-0.18878466676194158,2
0.06650296065318093,-0.20142682258362152,2
0.18288265408904342,-0.12624044867921697,2
-0.2117502002333962,-0.09558209548985215,2
-0.1384049961741341,-0.19903158128549797,2
-0.23619173415387948,-0.08934465781637813,2
-0.08529673487323057,-0.24838885007383985,2
-0.22654655988746933,-0.15184472823384249,2
0.0636239359999493,-0.2755790854463914,2
-0.22989824806541556,-0.18153337487224808,2
-0.20363612167585587,-0.22440965777669486,2
-0.3113931041245061,-0.032947746008566245,2
-0.18612289177978675,-0.2642676747876949,2
-0.2718115943790309,0.19294965216926493,2
-0.33227812147316593,0.0868239496938636,2
-0.32683470017509525,-0.13478250984761725,2
-0.33494503791922725,0.14157410261755188,2
-0.30269115085482257,-0.21922064620444043,2
-0.3490618324906536,0.1596488083448461,2
-0.390367412935767,-0.05292947208477914,2
-0.18280276476232776,0.3603217968599486,2
-0.40846001064811394,0.06836322555579868,2
-0.34089612219774335,0.25253013364276017,2
-0.3850911345115767,-0.200895587502155,2
-0.0855397912804435,0.4361350803423511,2
-0.43354719617419607,0.1365591408050999,2
-0.42863986352312666,0.1793438164736484,2
0.061252431090862765,0.47077946478639376,2
-0.3375418466764276,0.3480568272597716,2
-0.3406514559680597,0.35907045004789967,2
0.08743897879192751,0.49742380083747006,2
-0.40054164971653944,0.3239559698558661,2
0.38468411002097025,0.35764276978785514,2
-0.07840874464660089,0.5295804722405021,2
0.144040027803224,0.5260923222662267,2
0.5202643872096373,0.19485107828806755,2
0.18281024085867223,0.535301565575494,2
0.4908130247800145,0.30099727697860246,2
0.5614123177246286,0.16747086950058707,2
-0.03595205334817175,0.594874179870311,2
0.41979685761153274,0.437127048531696,2
0.5382341269003156,0.29993192872841984,2
0.5934218524826451,0.20013840723216453,2
0.5974345339417519,0.21915897275665466,2
0.521307180519432,-0.38230271077712846,2
0.35553728371905724,-0.5519707431260884,2
0.6638567220915061,0.06114488513657785,2
0.6620233199002127,-0.1404977303226616,2
0.6859854810412469,-0.03482115450876613,2
0.6922230661007241,0.08120335739452987,2
0.6400973627695631,-0.300373685553379,2
0.5736779940443577,-0.4303821918484446,2
0.7260545877214913,-0.042075592488830076,2
0.735671628732429,0.05007277949833383,2
0.0866519154287957,-0.7424351444166409,2
0.6451499007061224,-0.3971179095500021,2
0.2606919425435049,-0.7220577059512239,2
0.5713233285626494,-0.5277574498242854,2
0.6767404060853569,-0.40345434334107044,2
0.39835028352268925,-0.6914396644691945,2
0.2643926348331694,-0.7636040381208747,2
0.1225289329211323,-0.8089549729129023,2
-0.38700687177126397,-0.7323101288593664,2
-0.4859801184693139,-0.6831623415527014,2
-0.641167055369251,-0.5557259623388853,2
-0.1559073097489393,-0.8443119016870866,2
-0.24412895025964412,-0.8336773545407847,2
-0.5419108305155871,-0.6918097915427378,2
-0.683256256295684,-0.5685809924917735,2
-0.8877988122991571,-0.14140759302836298,2
-0.8640106539799083,-0.28272225027568465,2
-0.7198845631410256,-0.5715592708188528,2
-0.7051065499708762,-0.6053181821339929,2
-0.9288714600900183,-0.1402097856795379,2
-0.9479696109855505,-0.05379847362445268,2
-0.3277225038085688,0.9018993104389943,2
-0.9277203016232816,-0.2822184526133847,2
-0.6395588052813292,-0.7422726020831709,2
-0.9805630509307673,-0.135632272532705,2
-0.41775855925818256,0.9085580807887449,2
